"","SNP_ID","SNP","CHR","BP","trait","effect","Var","p_value","-log10(p-value)"
"1","Hapmap50266-BTA-13664",23616,13,18266073,1,3,0.5842979056,0.819006475996481,0.0867126642
"2","Hapmap49833-BTA-103929",23617,13,18386942,1,3,0.5085676815,0.436731546180708,0.3597854368
"3","BTA-25900-no-rs",23619,13,18509812,1,3,0.6018006175,0.522636293973399,0.2818004344
"4","ARS-BFGL-BAC-7444",23620,13,18558540,1,3,0.604026669,0.416491646153024,0.3803937051
"5","BTB-01608944",26385,15,10974997,1,3,0.5126189273,0.294387579199782,0.5310805177
"6","BTA-95363-no-rs",27745,16,6121692,1,3,0.5967889897,0.502758264733776,0.2986407814
"7","Hapmap41888-BTA-49091",4582,2,115622067,1,3,0.804070846,0.658984965442478,0.1811244936
"8","ARS-BFGL-BAC-35548",4583,2,115665427,1,3,1.2237597851,0.440657417790578,0.3558989148
"9","BTA-49096-no-rs",4584,2,115695003,1,3,1.5221060874,0.421207450528634,0.3755039554
"10","ARS-BFGL-NGS-30337",4585,2,115730530,1,3,1.2853203491,0.256417980062075,0.5910515253
"11","ARS-BFGL-NGS-103753",4586,2,115821065,1,3,1.0965188597,0.177321989128614,0.7512374056
"12","Hapmap54770-rs29009608",4587,2,115875702,1,3,0.7073805384,0.408424604248118,0.3888881031
"13","ARS-BFGL-NGS-43721",4588,2,115986085,1,3,0.7857140075,0.345222618707897,0.4619007574
"14","ARS-BFGL-NGS-107330",4589,2,116018639,1,3,0.5887867363,0.132668432895276,0.8772324008
"15","ARS-BFGL-NGS-34854",36197,23,14185501,1,3,0.5312912431,0.57727993589648,0.2386135367
"16","ARS-BFGL-BAC-28665",37343,24,28487771,1,3,0.5601842667,0.825724407404791,0.083164878
"17","Hapmap54981-rs29019846",37344,24,28516684,1,3,0.615000029,0.795186168281423,0.0995311828
"18","BTB-01485274",37345,24,28540641,1,3,0.7103497445,0.531989572261288,0.2740968804
"19","Hapmap58887-rs29013502",37346,24,28570245,1,3,0.5794517773,0.469013304045331,0.3288148379
"20","ARS-BFGL-NGS-97489",39915,27,16546003,1,3,0.5266454661,0.384366279092451,0.4152547205
"21","BTB-00952622",39917,27,16663290,1,3,0.5891105024,0.331102037366716,0.4800381469
"22","ARS-BFGL-NGS-58358",39918,27,16692516,1,3,0.5575926813,0.12939808689808,0.8880721445
"23","BTB-01948148",6878,3,111677167,1,3,0.6871510683,0.351728629231158,0.4537922805
"24","Hapmap42062-BTA-109789",6879,3,111708236,1,3,1.099640504,0.989001080565297,0.0048032339
"25","BTB-01641394",6880,3,111730561,1,3,0.8541772011,0.929183154678331,0.0318986722
"26","ARS-BFGL-NGS-37809",6881,3,111751663,1,3,0.9351572535,0.593911345237145,0.2262783785
"27","ARS-BFGL-NGS-25298",6882,3,111772736,1,3,1.0283717422,0.213326789099195,0.6709546034
"28","ARS-BFGL-NGS-44131",6883,3,111806406,1,3,0.8576835334,0.0392000320860715,1.4067135775
"29","ARS-BFGL-NGS-6202",6884,3,111833768,1,3,0.9820334402,0.0158060184265104,1.8011775161
"30","ARS-BFGL-NGS-97849",6886,3,111965305,1,3,0.6104093122,0.120744019673668,0.9181343702
"31","BTB-01068898",11046,6,8630173,1,3,0.5563912733,0.503284047541008,0.2981868351
"32","BTB-01069210",11051,6,9142299,1,3,0.5157690787,0.0929660194161051,1.0316757641
"33","Hapmap54541-rs29014049",15704,8,55218811,1,3,0.6997956829,0.95597203749149,0.0195548108
"34","ARS-BFGL-NGS-57285",16913,9,10112014,1,3,0.5060727589,0.374823882447173,0.4261727452
